Arlong Park,One Pace Episode,Chapters,Episodes,Release Date,Length,MKV CRC32,MKV CRC32 (Extended),Length (Extended)
,Arlong Park 01,Ch. 69-71,Ep. 31-32,2024-11-23,00:30:47,AD09145D,,
,Arlong Park 02,Ch. 71-73,Ep. 32-33,2024-11-23,00:22:02,432F7EDF,,
,Arlong Park 03,Ch. 74-76,Ep. 33-34,2025-01-11,00:24:35,C060DA73,,
,Arlong Park 04,Ch. 77-78,Ep. 34-36,2025-01-24,00:26:57,DB23E2E6,,
,Arlong Park 05,Ch. 79-81,Ep. 36-37,2025-02-01,00:30:32,1CC0DA84,ACD6AA5F,00:31:24
,Arlong Park 06,Ch. 82-84,Ep. 38-39,2020-09-12,00:26:57,06F25D1B,,
,Arlong Park 07,Ch. 85-87,Ep. 39-40,2020-09-12,00:27:56,9599889C,,
,Arlong Park 08,Ch. 88-90,Ep. 40-42,2020-09-12,00:25:28,83E6D2A7,,
,Arlong Park 09,Ch. 91-94,Ep. 42-43,2020-09-12,00:24:35,A57211D1,,
,Arlong Park 10,Ch. 94-95,Ep. 43-44,2020-09-12,00:20:57,5AF7A9B1,,
